,names,correctness,relevancy,faithfulness,semantic_similarity
0,default_query_engine,3.066666666666667,0.9666666666666667,0.26666666666666666,0.9163044205048424
