,names,correctness,relevancy,faithfulness,semantic_similarity
0,hybrid_search,3.1333333333333333,0.9666666666666667,0.43333333333333335,0.9356519762050135
