,names,correctness,relevancy,faithfulness,semantic_similarity
0,sentence_rerank_with_hybrid,3.1333333333333333,0.9666666666666667,0.36666666666666664,0.9181609896149507
